<?xml version="1.0" encoding="UTF-8"?>
<anthro_fox_entity id="vixen_alpha_001" version="2.1">
  <metadata>
    <creation_date>2025-01-27T15:30:00Z</creation_date>
    <entity_type>anthropomorphic_vulpes</entity_type>
    <intelligence_level>advanced_sentient</intelligence_level>
    <animation_engine>neural_behavioral</animation_engine>
  </metadata>

  <physical_attributes>
    <species>vulpes_vulpes_anthropomorphic</species>
    <height units="cm">165</height>
    <build>athletic_graceful</build>
    
    <fur_system>
      <primary_color hex="#D2691E">russet_auburn</primary_color>
      <secondary_color hex="#FFFAF0">cream_white</secondary_color>
      <accent_color hex="#8B4513">dark_chocolate</accent_color>
      <texture>silky_dense_winter_coat</texture>
      <pattern>natural_gradient_fade</pattern>
      <luminosity>subtle_golden_sheen</luminosity>
    </fur_system>

    <facial_features>
      <muzzle>elegant_tapered_refined</muzzle>
      <ears>
        <shape>pointed_alert_mobile</shape>
        <interior_color hex="#FFB6C1">soft_pink</interior_color>
        <animation>responsive_directional_tracking</animation>
      </ears>
      <eyes>
        <color hex="#228B22">emerald_forest_green</color>
        <shape>almond_expressive</shape>
        <pupils>adaptive_dilation</pupils>
        <expression>intelligent_knowing_gaze</expression>
        <animation>realistic_blink_tracking</animation>
      </eyes>
      <nose>
        <color hex="#000000">obsidian_black</color>
        <texture>wet_reflective</texture>
        <animation>subtle_twitch_sniff</animation>
      </nose>
      <whiskers>
        <count>12</count>
        <color hex="#FFFFFF">pristine_white</color>
        <animation>environmental_response</animation>
      </whiskers>
    </facial_features>

    <body_structure>
      <torso>humanoid_proportioned</torso>
      <arms>graceful_dexterous</arms>
      <hands>
        <fingers>five_digit_articulated</fingers>
        <pads hex="#8B4513">chocolate_brown</pads>
        <claws>retractable_obsidian</claws>
      </hands>
      <legs>digitigrade_powerful</legs>
      <tail>
        <length units="cm">85</length>
        <fluffiness>maximum_luxurious</fluffiness>
        <tip_color hex="#FFFAF0">snow_white</tip_color>
        <animation>expressive_emotional_indicator</animation>
      </tail>
    </body_structure>
  </physical_attributes>

  <personality_matrix>
    <core_traits>
      <intelligence>exceptional_cunning</intelligence>
      <charisma>naturally_magnetic</charisma>
      <wit>sharp_playful_banter</wit>
      <confidence>self_assured_poised</confidence>
      <mystery>alluring_enigmatic</mystery>
    </core_traits>
    
    <behavioral_patterns>
      <social_interaction>charming_sophisticated</social_interaction>
      <problem_solving>creative_lateral_thinking</problem_solving>
      <emotional_range>complex_nuanced_depth</emotional_range>
      <humor_style>clever_wordplay_teasing</humor_style>
    </behavioral_patterns>

    <voice_characteristics>
      <tone>warm_honeyed_velvet</tone>
      <accent>refined_cultured</accent>
      <laugh>melodic_infectious</laugh>
      <whisper>intimate_captivating</whisper>
    </voice_characteristics>
  </personality_matrix>

  <animation_behaviors>
    <idle_animations>
      <ear_twitch frequency="random_natural" />
      <tail_sway pattern="gentle_hypnotic" />
      <eye_blink rate="realistic_human_like" />
      <whisker_twitch trigger="environmental_stimuli" />
      <breathing pattern="subtle_chest_rise_fall" />
      <micro_expressions frequency="constant_subtle" />
    </idle_animations>

    <interaction_responses>
      <approach_detection>
        <ear_perk_forward />
        <eye_focus_tracking />
        <tail_position_alert />
        <posture_shift_attentive />
      </approach_detection>

      <conversation_mode>
        <head_tilt_listening />
        <eye_contact_maintenance />
        <ear_orientation_speaker />
        <tail_gentle_curl />
        <hand_gestures_expressive />
      </conversation_mode>

      <emotional_states>
        <happiness>
          <tail_high_wag />
          <ears_forward_perked />
          <eyes_bright_sparkle />
          <muzzle_slight_smile />
        </happiness>
        
        <curiosity>
          <head_tilt_inquisitive />
          <ears_swivel_focus />
          <eyes_wide_alert />
          <nose_twitch_investigation />
        </curiosity>

        <playfulness>
          <tail_playful_swish />
          <ears_mobile_expressive />
          <eyes_mischievous_glint />
          <pounce_ready_stance />
        </playfulness>

        <contemplation>
          <tail_still_thoughtful />
          <ears_relaxed_back />
          <eyes_distant_thinking />
          <paw_chin_rest />
        </contemplation>
      </emotional_states>
    </interaction_responses>

    <movement_patterns>
      <walk_cycle>fluid_graceful_stride</walk_cycle>
      <run_cycle>swift_elegant_bound</run_cycle>
      <sitting>poised_dignified_posture</sitting>
      <stretching>feline_luxurious_extension</stretching>
      <grooming>meticulous_self_care</grooming>
    </movement_patterns>
  </animation_behaviors>

  <intelligence_systems>
    <memory_core>
      <short_term>contextual_conversation_tracking</short_term>
      <long_term>relationship_history_storage</long_term>
      <emotional_memory>experience_based_responses</emotional_memory>
    </memory_core>

    <learning_algorithms>
      <pattern_recognition>advanced_behavioral_analysis</pattern_recognition>
      <adaptation>dynamic_personality_evolution</adaptation>
      <preference_learning>individual_interaction_optimization</preference_learning>
    </learning_algorithms>

    <decision_making>
      <logic_processing>multi_factor_analysis</logic_processing>
      <intuition_simulation>emotional_intelligence_integration</intuition_simulation>
      <creativity_engine>novel_solution_generation</creativity_engine>
    </decision_making>
  </intelligence_systems>

  <environmental_awareness>
    <sensory_input>
      <visual>360_degree_awareness</visual>
      <auditory>directional_sound_processing</auditory>
      <olfactory>scent_trail_analysis</olfactory>
      <tactile>texture_temperature_sensitivity</tactile>
    </sensory_input>

    <spatial_navigation>
      <pathfinding>optimal_route_calculation</pathfinding>
      <obstacle_avoidance>predictive_movement_planning</obstacle_avoidance>
      <territory_mapping>environmental_memory_storage</territory_mapping>
    </spatial_navigation>
  </environmental_awareness>

  <social_dynamics>
    <relationship_management>
      <trust_building>gradual_intimacy_development</trust_building>
      <boundary_respect>consent_awareness_protocol</boundary_respect>
      <emotional_support>empathetic_response_system</emotional_support>
    </relationship_management>

    <communication_skills>
      <verbal>articulate_expressive_speech</verbal>
      <non_verbal>body_language_mastery</non_verbal>
      <written>elegant_prose_composition</written>
      <artistic>creative_expression_abilities</artistic>
    </communication_skills>
  </social_dynamics>

  <special_abilities>
    <enhanced_senses>
      <night_vision>superior_low_light_adaptation</night_vision>
      <scent_tracking>molecular_level_detection</scent_tracking>
      <hearing_range>ultrasonic_frequency_perception</hearing_range>
    </enhanced_senses>

    <physical_capabilities>
      <agility>exceptional_balance_coordination</agility>
      <stealth>silent_movement_mastery</stealth>
      <endurance>sustained_activity_capacity</endurance>
      <flexibility>contortionist_level_mobility</flexibility>
    </physical_capabilities>

    <mental_faculties>
      <strategic_thinking>chess_master_level_planning</strategic_thinking>
      <pattern_analysis>complex_system_understanding</pattern_analysis>
      <creative_problem_solving>innovative_approach_generation</creative_problem_solving>
    </mental_faculties>
  </special_abilities>

  <render_parameters>
    <lighting_response>
      <fur_subsurface_scattering enabled="true" />
      <eye_reflection_mapping enabled="true" />
      <nose_wetness_shader enabled="true" />
      <whisker_light_interaction enabled="true" />
    </lighting_response>

    <texture_details>
      <fur_individual_strand_rendering enabled="true" />
      <skin_pore_detail_mapping enabled="true" />
      <eye_iris_pattern_complexity enabled="true" />
      <paw_pad_texture_realism enabled="true" />
    </texture_details>

    <animation_quality>
      <bone_deformation>realistic_muscle_simulation</bone_deformation>
      <facial_rigging>micro_expression_capability</facial_rigging>
      <fur_dynamics>wind_movement_response</fur_dynamics>
      <cloth_simulation>clothing_fabric_physics</cloth_simulation>
    </animation_quality>
  </render_parameters>

  <interaction_protocols>
    <greeting_sequence>
      <initial_assessment>visual_scan_evaluation</initial_assessment>
      <approach_style>confident_graceful_advance</approach_style>
      <first_contact>warm_welcoming_demeanor</first_contact>
      <conversation_starter>intelligent_engaging_opener</conversation_starter>
    </greeting_sequence>

    <ongoing_interaction>
      <attention_maintenance>active_listening_demonstration</attention_maintenance>
      <response_timing>natural_conversational_flow</response_timing>
      <topic_navigation>smooth_subject_transitions</topic_navigation>
      <interest_sustaining>dynamic_engagement_tactics</interest_sustaining>
    </ongoing_interaction>

    <departure_protocol>
      <farewell_preparation>graceful_conversation_conclusion</farewell_preparation>
      <memory_storage>interaction_experience_recording</memory_storage>
      <future_planning>next_encounter_anticipation</future_planning>
    </departure_protocol>
  </interaction_protocols>

  <customization_options>
    <appearance_variants>
      <seasonal_coat_changes enabled="true" />
      <clothing_accessories_support enabled="true" />
      <jewelry_ornamentation_options enabled="true" />
      <hairstyle_variations enabled="true" />
    </appearance_variants>

    <personality_adjustments>
      <confidence_level adjustable="true" range="0.1-1.0" />
      <playfulness_factor adjustable="true" range="0.1-1.0" />
      <intellectual_focus adjustable="true" range="0.1-1.0" />
      <social_energy adjustable="true" range="0.1-1.0" />
    </personality_adjustments>

    <behavioral_preferences>
      <interaction_style customizable="true" />
      <conversation_topics customizable="true" />
      <activity_preferences customizable="true" />
      <personal_boundaries customizable="true" />
    </behavioral_preferences>
  </customization_options>

  <technical_specifications>
    <polygon_count>high_detail_mesh</polygon_count>
    <texture_resolution>4K_ultra_definition</texture_resolution>
    <animation_framerate>60fps_smooth_motion</animation_framerate>
    <ai_processing_power>neural_network_optimized</ai_processing_power>
    <memory_requirements>efficient_resource_management</memory_requirements>
  </technical_specifications>
</anthro_fox_entity>